{"success_rate_100":0.17,"total_episodes":3196,"episode":3196,"_step":36217,"episode_length":1,"_runtime":25,"episode_reward":0,"_wandb":{"runtime":25},"step":33022,"_timestamp":1.7516931820073225e+09,"episode_success":false,"step_reward":0,"avg_reward_100":0.17000000178813934,"avg_length_100":1}